{
  "particles": {
    "number": {
      "value": 199,
      "density": {
        "enable": true,
        "value_area": 1499.3805191013182
      }
    },
    "color": {
      "value": "#5595e8"
    },
    "shape": {
      "type": "circle",
      "stroke": {
        "width": 0,
        "color": "#5595e8"
      },
      "polygon": {
        "nb_sides": 3
      },
      "image": {
        "src": "img/github.svg",
        "width": 10,
        "height": 100
      }
    },
    "opacity": {
      "value": 1,
      "random": true,
      "anim": {
        "enable": false,
        "speed": 1,
        "opacity_min": 0.1,
        "sync": false
      }
    },
    "size": {
      "value": 5,
      "random": true,
      "anim": {
        "enable": false,
        "speed": 175.39870724656524,
        "size_min": 3.2481242082697266,
        "sync": false
      }
    },
    "line_linked": {
      "enable": true,
      "distance": 96.20472365193136,
      "color": "#117e9f",
      "opacity": 0.6974842464765024,
      "width": 2.244776885211732
    },
    "move": {
      "enable": true,
      "speed": 3,
      "direction": "top-right",
      "random": true,
      "straight": false,
      "out_mode": "out",
      "bounce": false,
      "attract": {
        "enable": false,
        "rotateX": 60,
        "rotateY": 1300
      }
    }
  },
  "interactivity": {
    "detect_on": "window",
    "events": {
      "onhover": {
        "enable": true,
        "mode": "grab"
      },
      "onclick": {
        "enable": true,
        "mode": "push"
      },
      "resize": true
    },
    "modes": {
      "grab": {
        "distance": 600,
        "line_linked": {
          "opacity": 0.5593853342327376
        }
      },
      "bubble": {
        "distance": 400,
        "size": 40,
        "duration": 2,
        "opacity": 8,
        "speed": 3
      },
      "repulse": {
        "distance": 200,
        "duration": 0.4
      },
      "push": {
        "particles_nb": 4
      },
      "remove": {
        "particles_nb": 2
      }
    }
  },
  "retina_detect": true
}